{
    "accuracy": 89.69849246231156,
    "report": {
        "Fake": {
            "precision": 0.9336283185840708,
            "recall": 0.890295358649789,
            "f1-score": 0.9114470842332614,
            "support": 237.0
        },
        "Real": {
            "precision": 0.8488372093023255,
            "recall": 0.906832298136646,
            "f1-score": 0.8768768768768769,
            "support": 161.0
        },
        "accuracy": 0.8969849246231156,
        "macro avg": {
            "precision": 0.8912327639431982,
            "recall": 0.8985638283932176,
            "f1-score": 0.8941619805550691,
            "support": 398.0
        },
        "weighted avg": {
            "precision": 0.8993283974927117,
            "recall": 0.8969849246231156,
            "f1-score": 0.8974626536192466,
            "support": 398.0
        }
    },
    "confusion_matrix": [
        [
            211,
            26
        ],
        [
            15,
            146
        ]
    ],
    "classes": [
        "Fake",
        "Real"
    ]
}